title,details,board_name,created_at,alive
High-End Bag — Forest Green Mid-Century Chevron #002,In midnight with a brushed finish this mid-century design is crafted from bamboo viscose and features a subtle sateen texture. Thoughtfully USB-C fast-charging and naturally energy-efficient it feels refined yet practical in everyday settings. Positioned for discerning buyers it balances craftsmanship with elevated performance.,Clothes,2025/11/22 20:38:26,true
High-End Scarf — Rust Vintage-Inspired Quilting #003,In forest green with a patina finish this contemporary design is crafted from walnut and features a subtle quilting texture. Thoughtfully detachable and naturally modular it feels refined yet practical in everyday settings. Positioned for discerning buyers it balances craftsmanship with elevated performance.,Clothes,2025/10/12 23:44:57,true
High-End Belt — Mocha Japandi Sateen #004,In almond beige with a matte finish this vintage-inspired design is crafted from anodized aluminum and features a subtle chevron texture. Thoughtfully noise-cancelling and naturally multi-room it feels refined yet practical in everyday settings. Positioned for discerning buyers it balances craftsmanship with elevated performance.,Clothes,2025/09/03 18:02:59,true
High-End Polo — Indigo Minimalist Rib-Knit #005,In taupe with a powder-coated finish this minimalist design is crafted from Italian leather and features a subtle micro-check texture. Thoughtfully wireless and naturally USB-C fast-charging it feels refined yet practical in everyday settings. Positioned for discerning buyers it balances craftsmanship with elevated performance.,Clothes,2025/11/21 08:35:57,true
High-End Trousers — Seafoam Boho Chevron #006,In indigo with a raw finish this Scandinavian design is crafted from stoneware and features a subtle pebbled texture. Thoughtfully energy-efficient and naturally multi-room it feels refined yet practical in everyday settings. Positioned for discerning buyers it balances craftsmanship with elevated performance.,Clothes,2025/11/13 03:46:06,true
High-End Coat — Taupe Art Deco Herringbone #007,In slate blue with a raw finish this art deco design is crafted from stoneware and features a subtle rib-knit texture. Thoughtfully water-resistant and naturally USB-C fast-charging it feels refined yet practical in everyday settings. Positioned for discerning buyers it balances craftsmanship with elevated performance.,Clothes,2025/10/21 15:42:56,true
High-End Skirt — Sage Mid-Century Quilting #008,In seafoam with a raw finish this art deco design is crafted from walnut and features a subtle basketweave texture. Thoughtfully adaptive fit and naturally multi-room it feels refined yet practical in everyday settings. Positioned for discerning buyers it balances craftsmanship with elevated performance.,Clothes,2025/09/20 07:29:25,true
High-End Loafers — Terracotta Boho Basketweave #009,In onyx with a patina finish this mid-century design is crafted from anodized aluminum and features a subtle herringbone texture. Thoughtfully modular and naturally voice control it feels refined yet practical in everyday settings. Positioned for discerning buyers it balances craftsmanship with elevated performance.,Clothes,2025/08/24 18:10:37,true
High-End Beanie — Taupe Mid-Century Rib-Knit #010,In copper with a powder-coated finish this Japandi design is crafted from carbon fiber and features a subtle pebbled texture. Thoughtfully heat-retaining and naturally low-latency it feels refined yet practical in everyday settings. Positioned for discerning buyers it balances craftsmanship with elevated performance.,Clothes,2025/10/06 01:31:03,true
High-End Scarf — Graphite Modern Coastal Quilting #011,In mocha with a raw finish this vintage-inspired design is crafted from bamboo viscose and features a subtle quilting texture. Thoughtfully noise-cancelling and naturally ergonomic it feels refined yet practical in everyday settings. Positioned for discerning buyers it balances craftsmanship with elevated performance.,Clothes,2025/11/28 14:58:06,true
High-End Skirt — Slate Blue Industrial Micro-Check #012,In taupe with a hand-burnished finish this industrial design is crafted from silicone and features a subtle quilting texture. Thoughtfully heat-retaining and naturally multi-room it feels refined yet practical in everyday settings. Positioned for discerning buyers it balances craftsmanship with elevated performance.,Clothes,2025/10/27 17:00:35,true
High-End Dress — Seafoam Contemporary Corded #013,In seafoam with a oiled finish this mid-century design is crafted from ceramic and features a subtle micro-check texture. Thoughtfully detachable and naturally multi-room it feels refined yet practical in everyday settings. Positioned for discerning buyers it balances craftsmanship with elevated performance.,Clothes,2025/11/13 01:44:45,true
High-End Beanie — Ivory Mid-Century Quilting #014,In sage with a brushed finish this minimalist design is crafted from Italian leather and features a subtle quilting texture. Thoughtfully packable and naturally multi-room it feels refined yet practical in everyday settings. Positioned for discerning buyers it balances craftsmanship with elevated performance.,Clothes,2025/10/10 18:03:34,true
High-End Jumpsuit — Indigo Vintage-Inspired Micro-Check #015,In pearl with a oiled finish this Japandi design is crafted from bamboo viscose and features a subtle chevron texture. Thoughtfully noise-cancelling and naturally detachable it feels refined yet practical in everyday settings. Positioned for discerning buyers it balances craftsmanship with elevated performance.,Clothes,2025/10/04 02:20:51,true
High-End Cardigan — Graphite Boho Sateen #016,In sage with a lacquered finish this Japandi design is crafted from oak and features a subtle sateen texture. Thoughtfully energy-efficient and naturally packable it feels refined yet practical in everyday settings. Positioned for discerning buyers it balances craftsmanship with elevated performance.,Clothes,2025/10/27 19:18:49,true
High-End Dress — Taupe Boho Corded #017,In sage with a raw finish this mid-century design is crafted from oak and features a subtle chevron texture. Thoughtfully USB-C fast-charging and naturally collapsible it feels refined yet practical in everyday settings. Positioned for discerning buyers it balances craftsmanship with elevated performance.,Clothes,2025/10/25 06:22:34,true
High-End Shirt — Pearl Contemporary Chevron #018,In onyx with a powder-coated finish this contemporary design is crafted from Italian leather and features a subtle herringbone texture. Thoughtfully OLED display and naturally water-resistant it feels refined yet practical in everyday settings. Positioned for discerning buyers it balances craftsmanship with elevated performance.,Clothes,2025/10/05 21:34:04,true
High-End Bag — Charcoal Industrial Rib-Knit #019,In copper with a high-gloss finish this mid-century design is crafted from linen and features a subtle pebbled texture. Thoughtfully packable and naturally stain-resistant it feels refined yet practical in everyday settings. Positioned for discerning buyers it balances craftsmanship with elevated performance.,Clothes,2025/11/14 15:51:57,true
High-End Boots — Almond Beige Scandinavian Herringbone #020,In indigo with a powder-coated finish this Scandinavian design is crafted from organic cotton and features a subtle herringbone texture. Thoughtfully USB-C fast-charging and naturally OLED display it feels refined yet practical in everyday settings. Positioned for discerning buyers it balances craftsmanship with elevated performance.,Clothes,2025/08/25 11:22:56,true
High-End Dress — Indigo Art Deco Pebbled #021,In ivory with a oiled finish this mid-century design is crafted from anodized aluminum and features a subtle herringbone texture. Thoughtfully multi-room and naturally low-latency it feels refined yet practical in everyday settings. Positioned for discerning buyers it balances craftsmanship with elevated performance.,Clothes,2025/11/24 06:42:00,true
High-End Boots — Onyx Contemporary Herringbone #022,In indigo with a oiled finish this vintage-inspired design is crafted from cashmere and features a subtle basketweave texture. Thoughtfully ergonomic and naturally dishwasher-safe it feels refined yet practical in everyday settings. Positioned for discerning buyers it balances craftsmanship with elevated performance.,Clothes,2025/08/15 00:08:52,true
High-End Loafers — Rust Japandi Matelassé #023,In seafoam with a high-gloss finish this boho design is crafted from borosilicate glass and features a subtle basketweave texture. Thoughtfully packable and naturally energy-efficient it feels refined yet practical in everyday settings. Positioned for discerning buyers it balances craftsmanship with elevated performance.,Clothes,2025/11/18 02:40:11,true
High-End Scarf — Rosewood Industrial Matelassé #024,In onyx with a powder-coated finish this boho design is crafted from ceramic and features a subtle quilting texture. Thoughtfully noise-cancelling and naturally stackable it feels refined yet practical in everyday settings. Positioned for discerning buyers it balances craftsmanship with elevated performance.,Clothes,2025/11/19 06:55:43,true
High-End Belt — Seafoam Modern Coastal Matelassé #025,In sunflower yellow with a matte finish this mid-century design is crafted from borosilicate glass and features a subtle micro-check texture. Thoughtfully energy-efficient and naturally collapsible it feels refined yet practical in everyday settings. Positioned for discerning buyers it balances craftsmanship with elevated performance.,Clothes,2025/10/14 14:42:55,true
High-End Beanie — Copper Vintage-Inspired Herringbone #026,In midnight with a hand-burnished finish this contemporary design is crafted from brushed steel and features a subtle rib-knit texture. Thoughtfully energy-efficient and naturally dishwasher-safe it feels refined yet practical in everyday settings. Positioned for discerning buyers it balances craftsmanship with elevated performance.,Clothes,2025/11/04 03:36:49,true
High-End Dress — Copper Modern Coastal Basketweave #027,In rust with a powder-coated finish this minimalist design is crafted from sapphire crystal and features a subtle micro-check texture. Thoughtfully low-latency and naturally wireless it feels refined yet practical in everyday settings. Positioned for discerning buyers it balances craftsmanship with elevated performance.,Clothes,2025/08/11 06:21:26,true
High-End Skirt — Graphite Art Deco Micro-Check #028,In sage with a hand-burnished finish this mid-century design is crafted from merino wool and features a subtle chevron texture. Thoughtfully stackable and naturally collapsible it feels refined yet practical in everyday settings. Positioned for discerning buyers it balances craftsmanship with elevated performance.,Clothes,2025/10/06 23:56:01,true
High-End Jumpsuit — Rosewood Modern Coastal Micro-Check #029,In graphite with a matte finish this vintage-inspired design is crafted from recycled polyester and features a subtle quilting texture. Thoughtfully heat-retaining and naturally modular it feels refined yet practical in everyday settings. Positioned for discerning buyers it balances craftsmanship with elevated performance.,Clothes,2025/10/25 19:49:20,true
High-End Loafers — Copper Scandinavian Herringbone #030,In mocha with a raw finish this modern coastal design is crafted from brushed steel and features a subtle sateen texture. Thoughtfully smart-enabled and naturally modular it feels refined yet practical in everyday settings. Positioned for discerning buyers it balances craftsmanship with elevated performance.,Clothes,2025/10/03 07:50:51,true
High-End Scarf — Graphite Industrial Sateen #031,In sage with a satin finish this Scandinavian design is crafted from borosilicate glass and features a subtle quilting texture. Thoughtfully multi-room and naturally stain-resistant it feels refined yet practical in everyday settings. Positioned for discerning buyers it balances craftsmanship with elevated performance.,Clothes,2025/11/22 21:28:23,true
High-End Polo — Almond Beige Boho Sateen #032,In seafoam with a raw finish this boho design is crafted from hemp and features a subtle pebbled texture. Thoughtfully multi-room and naturally ergonomic it feels refined yet practical in everyday settings. Positioned for discerning buyers it balances craftsmanship with elevated performance.,Clothes,2025/11/07 03:57:08,true
High-End Scarf — Mocha Mid-Century Matelassé #033,In rust with a oiled finish this minimalist design is crafted from hemp and features a subtle corded texture. Thoughtfully USB-C fast-charging and naturally wireless it feels refined yet practical in everyday settings. Positioned for discerning buyers it balances craftsmanship with elevated performance.,Clothes,2025/09/11 10:01:13,true
Low-End Trousers — Mocha Scandinavian Quilting #034,In sunflower yellow with a lacquered finish this industrial design is crafted from carbon fiber and features a subtle basketweave texture. Thoughtfully wireless and naturally detachable it feels refined yet practical in everyday settings. Accessible without compromising daily utility designed for effortless use.,Clothes,2025/11/08 00:25:45,true
Low-End Boots — Seafoam Minimalist Pebbled #035,In rust with a patina finish this vintage-inspired design is crafted from recycled polyester and features a subtle herringbone texture. Thoughtfully detachable and naturally ergonomic it feels refined yet practical in everyday settings. Accessible without compromising daily utility designed for effortless use.,Clothes,2025/09/22 18:57:28,true
Low-End Beanie — Sage Minimalist Pebbled #036,In indigo with a oiled finish this industrial design is crafted from hemp and features a subtle basketweave texture. Thoughtfully wireless and naturally adaptive fit it feels refined yet practical in everyday settings. Accessible without compromising daily utility designed for effortless use.,Clothes,2025/10/08 00:52:58,true
Low-End Dress — Indigo Minimalist Matelassé #037,In copper with a hand-burnished finish this minimalist design is crafted from sapphire crystal and features a subtle sateen texture. Thoughtfully voice control and naturally water-resistant it feels refined yet practical in everyday settings. Accessible without compromising daily utility designed for effortless use.,Clothes,2025/11/14 23:05:01,true
Low-End Blazer — Sage Boho Herringbone #038,In sage with a high-gloss finish this boho design is crafted from brushed steel and features a subtle matelassé texture. Thoughtfully packable and naturally noise-cancelling it feels refined yet practical in everyday settings. Accessible without compromising daily utility designed for effortless use.,Clothes,2025/10/19 07:10:46,true
Low-End Cardigan — Copper Art Deco Sateen #039,In mocha with a hand-burnished finish this vintage-inspired design is crafted from merino wool and features a subtle corded texture. Thoughtfully low-latency and naturally energy-efficient it feels refined yet practical in everyday settings. Accessible without compromising daily utility designed for effortless use.,Clothes,2025/09/10 19:14:57,true
Low-End Skirt — Taupe Contemporary Corded #040,In ivory with a patina finish this industrial design is crafted from ceramic and features a subtle rib-knit texture. Thoughtfully modular and naturally smart-enabled it feels refined yet practical in everyday settings. Accessible without compromising daily utility designed for effortless use.,Clothes,2025/12/02 10:32:17,true
Low-End Belt — Mocha Art Deco Sateen #041,In pearl with a patina finish this modern coastal design is crafted from tempered glass and features a subtle quilting texture. Thoughtfully ergonomic and naturally OLED display it feels refined yet practical in everyday settings. Accessible without compromising daily utility designed for effortless use.,Clothes,2025/09/25 21:36:45,true
Low-End Blazer — Copper Boho Sateen #042,In seafoam with a brushed finish this vintage-inspired design is crafted from merino wool and features a subtle corded texture. Thoughtfully stain-resistant and naturally noise-cancelling it feels refined yet practical in everyday settings. Accessible without compromising daily utility designed for effortless use.,Clothes,2025/11/11 10:54:59,true
Low-End Coat — Slate Blue Modern Coastal Chevron #043,In sage with a hand-burnished finish this Scandinavian design is crafted from recycled polyester and features a subtle chevron texture. Thoughtfully OLED display and naturally voice control it feels refined yet practical in everyday settings. Accessible without compromising daily utility designed for effortless use.,Clothes,2025/10/25 07:16:43,true
Low-End Bag — Sunflower Yellow Boho Herringbone #044,In rust with a lacquered finish this modern coastal design is crafted from oak and features a subtle rib-knit texture. Thoughtfully USB-C fast-charging and naturally wireless it feels refined yet practical in everyday settings. Accessible without compromising daily utility designed for effortless use.,Clothes,2025/11/02 04:22:20,true
Low-End Jumpsuit — Rosewood Mid-Century Quilting #045,In sand with a patina finish this art deco design is crafted from rattan and features a subtle chevron texture. Thoughtfully heat-retaining and naturally stain-resistant it feels refined yet practical in everyday settings. Accessible without compromising daily utility designed for effortless use.,Clothes,2025/11/03 13:39:43,true
Low-End Beanie — Sand Modern Coastal Micro-Check #046,In copper with a high-gloss finish this contemporary design is crafted from silicone and features a subtle chevron texture. Thoughtfully USB-C fast-charging and naturally dishwasher-safe it feels refined yet practical in everyday settings. Accessible without compromising daily utility designed for effortless use.,Clothes,2025/11/05 07:06:31,true
Low-End Trousers — Forest Green Scandinavian Pebbled #047,In taupe with a high-gloss finish this minimalist design is crafted from rattan and features a subtle quilting texture. Thoughtfully noise-cancelling and naturally multi-room it feels refined yet practical in everyday settings. Accessible without compromising daily utility designed for effortless use.,Clothes,2025/11/15 20:35:59,true
Low-End Trousers — Seafoam Vintage-Inspired Herringbone #048,In onyx with a oiled finish this minimalist design is crafted from organic cotton and features a subtle corded texture. Thoughtfully detachable and naturally modular it feels refined yet practical in everyday settings. Accessible without compromising daily utility designed for effortless use.,Clothes,2025/09/20 23:32:59,true
Low-End Shirt — Pearl Mid-Century Matelassé #049,In sage with a oiled finish this Scandinavian design is crafted from tempered glass and features a subtle sateen texture. Thoughtfully low-latency and naturally energy-efficient it feels refined yet practical in everyday settings. Accessible without compromising daily utility designed for effortless use.,Clothes,2025/08/19 19:54:13,true
Low-End Dress — Copper Mid-Century Corded #050,In sunflower yellow with a powder-coated finish this art deco design is crafted from anodized aluminum and features a subtle corded texture. Thoughtfully voice control and naturally collapsible it feels refined yet practical in everyday settings. Accessible without compromising daily utility designed for effortless use.,Clothes,2025/11/25 08:56:44,true
Low-End Coat — Onyx Vintage-Inspired Micro-Check #051,In midnight with a raw finish this minimalist design is crafted from rattan and features a subtle chevron texture. Thoughtfully USB-C fast-charging and naturally detachable it feels refined yet practical in everyday settings. Accessible without compromising daily utility designed for effortless use.,Clothes,2025/11/29 01:00:34,true
Low-End Polo — Indigo Modern Coastal Matelassé #052,In ivory with a brushed finish this boho design is crafted from brushed steel and features a subtle matelassé texture. Thoughtfully noise-cancelling and naturally voice control it feels refined yet practical in everyday settings. Accessible without compromising daily utility designed for effortless use.,Clothes,2025/11/22 19:34:53,true
Low-End Shirt — Graphite Japandi Micro-Check #053,In forest green with a high-gloss finish this Japandi design is crafted from bamboo viscose and features a subtle quilting texture. Thoughtfully dishwasher-safe and naturally OLED display it feels refined yet practical in everyday settings. Accessible without compromising daily utility designed for effortless use.,Clothes,2025/11/29 21:00:19,true
Low-End Loafers — Pearl Japandi Pebbled #054,In ivory with a matte finish this mid-century design is crafted from hemp and features a subtle corded texture. Thoughtfully detachable and naturally collapsible it feels refined yet practical in everyday settings. Accessible without compromising daily utility designed for effortless use.,Clothes,2025/08/11 22:15:45,true
Low-End Jumpsuit — Almond Beige Japandi Herringbone #055,In indigo with a satin finish this art deco design is crafted from cashmere and features a subtle basketweave texture. Thoughtfully adaptive fit and naturally OLED display it feels refined yet practical in everyday settings. Accessible without compromising daily utility designed for effortless use.,Clothes,2025/09/20 19:15:26,true
Low-End Belt — Sage Minimalist Pebbled #056,In seafoam with a raw finish this Scandinavian design is crafted from carbon fiber and features a subtle basketweave texture. Thoughtfully adaptive fit and naturally collapsible it feels refined yet practical in everyday settings. Accessible without compromising daily utility designed for effortless use.,Clothes,2025/11/05 05:08:53,true
Low-End Belt — Terracotta Art Deco Pebbled #057,In slate blue with a patina finish this contemporary design is crafted from linen and features a subtle herringbone texture. Thoughtfully ergonomic and naturally voice control it feels refined yet practical in everyday settings. Accessible without compromising daily utility designed for effortless use.,Clothes,2025/08/10 17:11:44,true
Low-End Jumpsuit — Terracotta Modern Coastal Sateen #058,In indigo with a hand-burnished finish this industrial design is crafted from walnut and features a subtle micro-check texture. Thoughtfully heat-retaining and naturally voice control it feels refined yet practical in everyday settings. Accessible without compromising daily utility designed for effortless use.,Clothes,2025/11/11 13:02:31,true
Low-End Jumpsuit — Midnight Japandi Sateen #059,In taupe with a satin finish this mid-century design is crafted from borosilicate glass and features a subtle basketweave texture. Thoughtfully stain-resistant and naturally packable it feels refined yet practical in everyday settings. Accessible without compromising daily utility designed for effortless use.,Clothes,2025/08/30 13:08:44,true
Low-End Boots — Ivory Japandi Rib-Knit #060,In sage with a brushed finish this Japandi design is crafted from Italian leather and features a subtle chevron texture. Thoughtfully heat-retaining and naturally stackable it feels refined yet practical in everyday settings. Accessible without compromising daily utility designed for effortless use.,Clothes,2025/11/15 14:24:19,true
Low-End Blazer — Charcoal Art Deco Rib-Knit #061,In charcoal with a hand-burnished finish this mid-century design is crafted from anodized aluminum and features a subtle sateen texture. Thoughtfully packable and naturally OLED display it feels refined yet practical in everyday settings. Accessible without compromising daily utility designed for effortless use.,Clothes,2025/09/23 20:12:29,true
Low-End Boots — Charcoal Boho Basketweave #062,In indigo with a hand-burnished finish this vintage-inspired design is crafted from ceramic and features a subtle basketweave texture. Thoughtfully ergonomic and naturally dishwasher-safe it feels refined yet practical in everyday settings. Accessible without compromising daily utility designed for effortless use.,Clothes,2025/11/29 18:06:15,true
Low-End Shirt — Sage Art Deco Quilting #063,In indigo with a hand-burnished finish this industrial design is crafted from silicone and features a subtle quilting texture. Thoughtfully collapsible and naturally dishwasher-safe it feels refined yet practical in everyday settings. Accessible without compromising daily utility designed for effortless use.,Clothes,2025/11/06 17:02:02,true
Low-End Skirt — Onyx Scandinavian Corded #064,In forest green with a lacquered finish this minimalist design is crafted from borosilicate glass and features a subtle quilting texture. Thoughtfully dishwasher-safe and naturally heat-retaining it feels refined yet practical in everyday settings. Accessible without compromising daily utility designed for effortless use.,Clothes,2025/12/09 11:22:57,true
Low-End Dress — Taupe Vintage-Inspired Basketweave #065,In rosewood with a patina finish this mid-century design is crafted from anodized aluminum and features a subtle matelassé texture. Thoughtfully stain-resistant and naturally low-latency it feels refined yet practical in everyday settings. Accessible without compromising daily utility designed for effortless use.,Clothes,2025/12/08 19:06:04,true
Low-End Cardigan — Forest Green Japandi Micro-Check #066,In seafoam with a brushed finish this modern coastal design is crafted from linen and features a subtle herringbone texture. Thoughtfully dishwasher-safe and naturally stackable it feels refined yet practical in everyday settings. Accessible without compromising daily utility designed for effortless use.,Clothes,2025/11/04 08:11:35,true
Low-End Shirt — Pearl Industrial Basketweave #067,In midnight with a satin finish this Scandinavian design is crafted from oak and features a subtle matelassé texture. Thoughtfully noise-cancelling and naturally low-latency it feels refined yet practical in everyday settings. Accessible without compromising daily utility designed for effortless use.,Clothes,2025/11/03 19:52:10,true
High-End Vase — Charcoal Industrial Sateen #001,In graphite with a powder-coated finish this Japandi design is crafted from recycled polyester and features a subtle rib-knit texture. Thoughtfully noise-cancelling and naturally OLED display it feels refined yet practical in everyday settings. Positioned for discerning buyers it balances craftsmanship with elevated performance.,Dream home/design inspo,2025/08/31 00:38:31,true
High-End Sconce — Sunflower Yellow Contemporary Sateen #002,In rust with a patina finish this art deco design is crafted from silicone and features a subtle micro-check texture. Thoughtfully OLED display and naturally detachable it feels refined yet practical in everyday settings. Positioned for discerning buyers it balances craftsmanship with elevated performance.,Dream home/design inspo,2025/11/02 05:49:51,true
High-End Desk — Ivory Industrial Chevron #003,In slate blue with a patina finish this minimalist design is crafted from linen and features a subtle chevron texture. Thoughtfully heat-retaining and naturally stackable it feels refined yet practical in everyday settings. Positioned for discerning buyers it balances craftsmanship with elevated performance.,Dream home/design inspo,2025/11/21 03:23:39,true
High-End Curtain Panel — Forest Green Scandinavian Chevron #004,In seafoam with a matte finish this minimalist design is crafted from brushed steel and features a subtle herringbone texture. Thoughtfully adaptive fit and naturally heat-retaining it feels refined yet practical in everyday settings. Positioned for discerning buyers it balances craftsmanship with elevated performance.,Dream home/design inspo,2025/08/12 04:53:32,true
High-End Desk — Pearl Boho Micro-Check #005,In graphite with a powder-coated finish this art deco design is crafted from recycled polyester and features a subtle pebbled texture. Thoughtfully ergonomic and naturally detachable it feels refined yet practical in everyday settings. Positioned for discerning buyers it balances craftsmanship with elevated performance.,Dream home/design inspo,2025/12/03 05:33:34,true
High-End Coffee Table — Slate Blue Contemporary Quilting #006,In slate blue with a lacquered finish this contemporary design is crafted from oak and features a subtle quilting texture. Thoughtfully adaptive fit and naturally water-resistant it feels refined yet practical in everyday settings. Positioned for discerning buyers it balances craftsmanship with elevated performance.,Dream home/design inspo,2025/08/23 13:49:49,true
High-End Planter — Indigo Boho Chevron #007,In midnight with a satin finish this minimalist design is crafted from borosilicate glass and features a subtle matelassé texture. Thoughtfully detachable and naturally packable it feels refined yet practical in everyday settings. Positioned for discerning buyers it balances craftsmanship with elevated performance.,Dream home/design inspo,2025/09/16 10:28:56,true
High-End Armchair — Copper Minimalist Pebbled #008,In onyx with a brushed finish this contemporary design is crafted from recycled polyester and features a subtle herringbone texture. Thoughtfully smart-enabled and naturally ergonomic it feels refined yet practical in everyday settings. Positioned for discerning buyers it balances craftsmanship with elevated performance.,Dream home/design inspo,2025/09/20 22:29:47,true
High-End Sideboard — Seafoam Scandinavian Pebbled #009,In pearl with a satin finish this art deco design is crafted from linen and features a subtle rib-knit texture. Thoughtfully ergonomic and naturally heat-retaining it feels refined yet practical in everyday settings. Positioned for discerning buyers it balances craftsmanship with elevated performance.,Dream home/design inspo,2025/08/28 20:38:24,true
High-End Curtain Panel — Charcoal Art Deco Chevron #010,In almond beige with a patina finish this mid-century design is crafted from Italian leather and features a subtle corded texture. Thoughtfully water-resistant and naturally low-latency it feels refined yet practical in everyday settings. Positioned for discerning buyers it balances craftsmanship with elevated performance.,Dream home/design inspo,2025/09/22 17:42:53,true
High-End Pendant Light — Indigo Japandi Sateen #011,In midnight with a brushed finish this mid-century design is crafted from carbon fiber and features a subtle quilting texture. Thoughtfully water-resistant and naturally detachable it feels refined yet practical in everyday settings. Positioned for discerning buyers it balances craftsmanship with elevated performance.,Dream home/design inspo,2025/10/12 21:33:14,true
High-End Curtain Panel — Pearl Scandinavian Micro-Check #012,In sage with a lacquered finish this Japandi design is crafted from rattan and features a subtle sateen texture. Thoughtfully detachable and naturally energy-efficient it feels refined yet practical in everyday settings. Positioned for discerning buyers it balances craftsmanship with elevated performance.,Dream home/design inspo,2025/09/28 01:24:20,true
High-End Duvet Set — Rust Industrial Micro-Check #013,In graphite with a patina finish this art deco design is crafted from merino wool and features a subtle micro-check texture. Thoughtfully adaptive fit and naturally water-resistant it feels refined yet practical in everyday settings. Positioned for discerning buyers it balances craftsmanship with elevated performance.,Dream home/design inspo,2025/12/04 12:55:16,true
High-End Duvet Set — Midnight Contemporary Rib-Knit #014,In rust with a satin finish this Japandi design is crafted from hemp and features a subtle pebbled texture. Thoughtfully dishwasher-safe and naturally heat-retaining it feels refined yet practical in everyday settings. Positioned for discerning buyers it balances craftsmanship with elevated performance.,Dream home/design inspo,2025/11/04 12:52:42,true
High-End Wall Shelf — Terracotta Contemporary Rib-Knit #015,In seafoam with a brushed finish this Scandinavian design is crafted from borosilicate glass and features a subtle chevron texture. Thoughtfully energy-efficient and naturally stackable it feels refined yet practical in everyday settings. Positioned for discerning buyers it balances craftsmanship with elevated performance.,Dream home/design inspo,2025/08/18 16:23:43,true
High-End Dinnerware Set — Graphite Scandinavian Basketweave #016,In rust with a high-gloss finish this Scandinavian design is crafted from walnut and features a subtle herringbone texture. Thoughtfully USB-C fast-charging and naturally heat-retaining it feels refined yet practical in everyday settings. Positioned for discerning buyers it balances craftsmanship with elevated performance.,Dream home/design inspo,2025/10/24 00:47:07,true
High-End Planter — Sunflower Yellow Art Deco Chevron #017,In rust with a high-gloss finish this boho design is crafted from ceramic and features a subtle pebbled texture. Thoughtfully collapsible and naturally heat-retaining it feels refined yet practical in everyday settings. Positioned for discerning buyers it balances craftsmanship with elevated performance.,Dream home/design inspo,2025/10/25 01:46:03,true
High-End Pendant Light — Rosewood Industrial Quilting #018,In slate blue with a oiled finish this modern coastal design is crafted from linen and features a subtle chevron texture. Thoughtfully stain-resistant and naturally noise-cancelling it feels refined yet practical in everyday settings. Positioned for discerning buyers it balances craftsmanship with elevated performance.,Dream home/design inspo,2025/11/08 06:32:39,true
High-End Dinnerware Set — Taupe Mid-Century Matelassé #019,In forest green with a brushed finish this boho design is crafted from carbon fiber and features a subtle quilting texture. Thoughtfully multi-room and naturally water-resistant it feels refined yet practical in everyday settings. Positioned for discerning buyers it balances craftsmanship with elevated performance.,Dream home/design inspo,2025/11/10 23:26:00,true
High-End Wall Shelf — Seafoam Contemporary Basketweave #020,In seafoam with a powder-coated finish this vintage-inspired design is crafted from recycled polyester and features a subtle matelassé texture. Thoughtfully dishwasher-safe and naturally heat-retaining it feels refined yet practical in everyday settings. Positioned for discerning buyers it balances craftsmanship with elevated performance.,Dream home/design inspo,2025/09/24 06:15:19,true
High-End Coffee Table — Rust Scandinavian Chevron #021,In pearl with a brushed finish this contemporary design is crafted from hemp and features a subtle chevron texture. Thoughtfully USB-C fast-charging and naturally ergonomic it feels refined yet practical in everyday settings. Positioned for discerning buyers it balances craftsmanship with elevated performance.,Dream home/design inspo,2025/10/22 00:20:15,true
High-End Curtain Panel — Taupe Minimalist Pebbled #022,In seafoam with a matte finish this mid-century design is crafted from organic cotton and features a subtle basketweave texture. Thoughtfully OLED display and naturally smart-enabled it feels refined yet practical in everyday settings. Positioned for discerning buyers it balances craftsmanship with elevated performance.,Dream home/design inspo,2025/08/28 15:14:13,true
High-End Table Lamp — Graphite Modern Coastal Sateen #023,In taupe with a patina finish this contemporary design is crafted from oak and features a subtle sateen texture. Thoughtfully detachable and naturally heat-retaining it feels refined yet practical in everyday settings. Positioned for discerning buyers it balances craftsmanship with elevated performance.,Dream home/design inspo,2025/10/10 03:00:35,true
High-End Vase — Taupe Japandi Matelassé #024,In onyx with a patina finish this minimalist design is crafted from rattan and features a subtle chevron texture. Thoughtfully energy-efficient and naturally heat-retaining it feels refined yet practical in everyday settings. Positioned for discerning buyers it balances craftsmanship with elevated performance.,Dream home/design inspo,2025/09/16 20:10:39,true
High-End Rug — Charcoal Boho Matelassé #025,In graphite with a patina finish this art deco design is crafted from rattan and features a subtle basketweave texture. Thoughtfully low-latency and naturally OLED display it feels refined yet practical in everyday settings. Positioned for discerning buyers it balances craftsmanship with elevated performance.,Dream home/design inspo,2025/10/26 03:19:37,true
High-End Table Lamp — Pearl Modern Coastal Micro-Check #026,In onyx with a matte finish this vintage-inspired design is crafted from bamboo viscose and features a subtle herringbone texture. Thoughtfully stackable and naturally collapsible it feels refined yet practical in everyday settings. Positioned for discerning buyers it balances craftsmanship with elevated performance.,Dream home/design inspo,2025/10/11 15:28:45,true
High-End Dinnerware Set — Terracotta Vintage-Inspired Sateen #027,In sand with a patina finish this boho design is crafted from merino wool and features a subtle herringbone texture. Thoughtfully detachable and naturally multi-room it feels refined yet practical in everyday settings. Positioned for discerning buyers it balances craftsmanship with elevated performance.,Dream home/design inspo,2025/10/12 23:11:28,true
High-End Sconce — Seafoam Japandi Herringbone #028,In taupe with a oiled finish this mid-century design is crafted from oak and features a subtle corded texture. Thoughtfully voice control and naturally wireless it feels refined yet practical in everyday settings. Positioned for discerning buyers it balances craftsmanship with elevated performance.,Dream home/design inspo,2025/09/21 05:18:53,true
High-End Wall Shelf — Rust Industrial Quilting #029,In mocha with a raw finish this boho design is crafted from ceramic and features a subtle rib-knit texture. Thoughtfully energy-efficient and naturally detachable it feels refined yet practical in everyday settings. Positioned for discerning buyers it balances craftsmanship with elevated performance.,Dream home/design inspo,2025/09/22 07:37:22,true
High-End Dinnerware Set — Taupe Mid-Century Corded #030,In midnight with a raw finish this mid-century design is crafted from borosilicate glass and features a subtle micro-check texture. Thoughtfully packable and naturally wireless it feels refined yet practical in everyday settings. Positioned for discerning buyers it balances craftsmanship with elevated performance.,Dream home/design inspo,2025/10/11 01:37:21,true
High-End Vase — Sage Art Deco Chevron #031,In rust with a raw finish this Scandinavian design is crafted from organic cotton and features a subtle herringbone texture. Thoughtfully modular and naturally dishwasher-safe it feels refined yet practical in everyday settings. Positioned for discerning buyers it balances craftsmanship with elevated performance.,Dream home/design inspo,2025/10/25 20:46:48,true
High-End Curtain Panel — Graphite Vintage-Inspired Matelassé #032,In copper with a patina finish this modern coastal design is crafted from recycled polyester and features a subtle herringbone texture. Thoughtfully adaptive fit and naturally water-resistant it feels refined yet practical in everyday settings. Positioned for discerning buyers it balances craftsmanship with elevated performance.,Dream home/design inspo,2025/09/27 21:17:51,true
High-End Rug — Almond Beige Mid-Century Rib-Knit #033,In copper with a brushed finish this vintage-inspired design is crafted from oak and features a subtle corded texture. Thoughtfully noise-cancelling and naturally heat-retaining it feels refined yet practical in everyday settings. Positioned for discerning buyers it balances craftsmanship with elevated performance.,Dream home/design inspo,2025/10/25 01:50:39,true
Low-End Armchair — Slate Blue Japandi Chevron #034,In rust with a patina finish this mid-century design is crafted from walnut and features a subtle rib-knit texture. Thoughtfully detachable and naturally stackable it feels refined yet practical in everyday settings. Accessible without compromising daily utility designed for effortless use.,Dream home/design inspo,2025/09/02 21:56:07,true
Low-End Wall Shelf — Sunflower Yellow Vintage-Inspired Pebbled #035,In pearl with a oiled finish this Scandinavian design is crafted from cashmere and features a subtle sateen texture. Thoughtfully dishwasher-safe and naturally low-latency it feels refined yet practical in everyday settings. Accessible without compromising daily utility designed for effortless use.,Dream home/design inspo,2025/09/01 23:30:40,true
Low-End Coffee Table — Slate Blue Art Deco Pebbled #036,In indigo with a oiled finish this art deco design is crafted from brushed steel and features a subtle rib-knit texture. Thoughtfully OLED display and naturally ergonomic it feels refined yet practical in everyday settings. Accessible without compromising daily utility designed for effortless use.,Dream home/design inspo,2025/12/04 05:26:14,true
Low-End Rug — Ivory Boho Basketweave #037,In midnight with a oiled finish this industrial design is crafted from organic cotton and features a subtle sateen texture. Thoughtfully USB-C fast-charging and naturally stain-resistant it feels refined yet practical in everyday settings. Accessible without compromising daily utility designed for effortless use.,Dream home/design inspo,2025/09/04 03:28:55,true
Low-End Duvet Set — Mocha Modern Coastal Chevron #038,In slate blue with a powder-coated finish this mid-century design is crafted from walnut and features a subtle quilting texture. Thoughtfully OLED display and naturally detachable it feels refined yet practical in everyday settings. Accessible without compromising daily utility designed for effortless use.,Dream home/design inspo,2025/09/28 06:02:04,true
Low-End Dinnerware Set — Charcoal Modern Coastal Sateen #039,In charcoal with a oiled finish this Scandinavian design is crafted from walnut and features a subtle rib-knit texture. Thoughtfully wireless and naturally packable it feels refined yet practical in everyday settings. Accessible without compromising daily utility designed for effortless use.,Dream home/design inspo,2025/11/10 00:05:33,true
Low-End Pendant Light — Forest Green Modern Coastal Chevron #040,In terracotta with a patina finish this boho design is crafted from bamboo viscose and features a subtle corded texture. Thoughtfully adaptive fit and naturally dishwasher-safe it feels refined yet practical in everyday settings. Accessible without compromising daily utility designed for effortless use.,Dream home/design inspo,2025/09/30 08:36:51,true
Low-End Table Lamp — Forest Green Mid-Century Micro-Check #041,In sand with a lacquered finish this minimalist design is crafted from borosilicate glass and features a subtle herringbone texture. Thoughtfully smart-enabled and naturally energy-efficient it feels refined yet practical in everyday settings. Accessible without compromising daily utility designed for effortless use.,Dream home/design inspo,2025/09/25 12:43:42,true
Low-End Wall Shelf — Copper Japandi Pebbled #042,In copper with a powder-coated finish this industrial design is crafted from anodized aluminum and features a subtle sateen texture. Thoughtfully collapsible and naturally USB-C fast-charging it feels refined yet practical in everyday settings. Accessible without compromising daily utility designed for effortless use.,Dream home/design inspo,2025/11/14 03:28:47,true
Low-End Sideboard — Rosewood Industrial Sateen #043,In sunflower yellow with a brushed finish this Japandi design is crafted from tempered glass and features a subtle micro-check texture. Thoughtfully ergonomic and naturally smart-enabled it feels refined yet practical in everyday settings. Accessible without compromising daily utility designed for effortless use.,Dream home/design inspo,2025/10/02 13:26:49,true
Low-End Sconce — Almond Beige Japandi Corded #044,In midnight with a matte finish this contemporary design is crafted from stoneware and features a subtle sateen texture. Thoughtfully multi-room and naturally USB-C fast-charging it feels refined yet practical in everyday settings. Accessible without compromising daily utility designed for effortless use.,Dream home/design inspo,2025/10/23 01:01:28,true
Low-End Wall Shelf — Rosewood Art Deco Chevron #045,In ivory with a brushed finish this mid-century design is crafted from stoneware and features a subtle basketweave texture. Thoughtfully ergonomic and naturally voice control it feels refined yet practical in everyday settings. Accessible without compromising daily utility designed for effortless use.,Dream home/design inspo,2025/10/31 02:43:15,true
Low-End Sconce — Sage Japandi Quilting #046,In midnight with a powder-coated finish this boho design is crafted from cashmere and features a subtle chevron texture. Thoughtfully OLED display and naturally USB-C fast-charging it feels refined yet practical in everyday settings. Accessible without compromising daily utility designed for effortless use.,Dream home/design inspo,2025/08/22 16:47:41,true
Low-End Table Lamp — Mocha Art Deco Quilting #047,In terracotta with a brushed finish this boho design is crafted from silicone and features a subtle quilting texture. Thoughtfully modular and naturally USB-C fast-charging it feels refined yet practical in everyday settings. Accessible without compromising daily utility designed for effortless use.,Dream home/design inspo,2025/08/25 14:45:47,true
Low-End Sconce — Terracotta Contemporary Basketweave #048,In indigo with a powder-coated finish this contemporary design is crafted from ceramic and features a subtle sateen texture. Thoughtfully stain-resistant and naturally multi-room it feels refined yet practical in everyday settings. Accessible without compromising daily utility designed for effortless use.,Dream home/design inspo,2025/11/11 18:43:42,true
Low-End Dinnerware Set — Copper Boho Basketweave #049,In graphite with a raw finish this Japandi design is crafted from linen and features a subtle micro-check texture. Thoughtfully dishwasher-safe and naturally water-resistant it feels refined yet practical in everyday settings. Accessible without compromising daily utility designed for effortless use.,Dream home/design inspo,2025/10/30 02:16:45,true
Low-End Desk — Charcoal Modern Coastal Pebbled #050,In taupe with a matte finish this vintage-inspired design is crafted from carbon fiber and features a subtle herringbone texture. Thoughtfully voice control and naturally stackable it feels refined yet practical in everyday settings. Accessible without compromising daily utility designed for effortless use.,Dream home/design inspo,2025/11/20 20:03:23,true
Low-End Pendant Light — Almond Beige Japandi Rib-Knit #051,In slate blue with a raw finish this Japandi design is crafted from recycled polyester and features a subtle basketweave texture. Thoughtfully dishwasher-safe and naturally wireless it feels refined yet practical in everyday settings. Accessible without compromising daily utility designed for effortless use.,Dream home/design inspo,2025/11/21 01:50:51,true
Low-End Pendant Light — Charcoal Vintage-Inspired Matelassé #052,In slate blue with a high-gloss finish this vintage-inspired design is crafted from rattan and features a subtle pebbled texture. Thoughtfully stain-resistant and naturally packable it feels refined yet practical in everyday settings. Accessible without compromising daily utility designed for effortless use.,Dream home/design inspo,2025/09/26 15:13:04,true
Low-End Armchair — Charcoal Boho Sateen #053,In seafoam with a high-gloss finish this art deco design is crafted from anodized aluminum and features a subtle micro-check texture. Thoughtfully voice control and naturally dishwasher-safe it feels refined yet practical in everyday settings. Accessible without compromising daily utility designed for effortless use.,Dream home/design inspo,2025/11/28 17:58:48,true
Low-End Table Lamp — Graphite Art Deco Quilting #054,In rust with a matte finish this vintage-inspired design is crafted from carbon fiber and features a subtle basketweave texture. Thoughtfully wireless and naturally water-resistant it feels refined yet practical in everyday settings. Accessible without compromising daily utility designed for effortless use.,Dream home/design inspo,2025/10/28 05:20:27,true
Low-End Sideboard — Almond Beige Modern Coastal Micro-Check #055,In almond beige with a raw finish this mid-century design is crafted from sapphire crystal and features a subtle corded texture. Thoughtfully water-resistant and naturally OLED display it feels refined yet practical in everyday settings. Accessible without compromising daily utility designed for effortless use.,Dream home/design inspo,2025/10/12 07:27:02,true
Low-End Mirror — Sand Contemporary Pebbled #056,In copper with a powder-coated finish this vintage-inspired design is crafted from merino wool and features a subtle herringbone texture. Thoughtfully modular and naturally wireless it feels refined yet practical in everyday settings. Accessible without compromising daily utility designed for effortless use.,Dream home/design inspo,2025/12/06 22:36:13,true
Low-End Mirror — Almond Beige Minimalist Sateen #057,In copper with a lacquered finish this minimalist design is crafted from oak and features a subtle quilting texture. Thoughtfully multi-room and naturally stain-resistant it feels refined yet practical in everyday settings. Accessible without compromising daily utility designed for effortless use.,Dream home/design inspo,2025/08/11 12:52:24,true
Low-End Armchair — Forest Green Japandi Sateen #058,In pearl with a patina finish this art deco design is crafted from ceramic and features a subtle herringbone texture. Thoughtfully OLED display and naturally stain-resistant it feels refined yet practical in everyday settings. Accessible without compromising daily utility designed for effortless use.,Dream home/design inspo,2025/11/16 01:23:40,true
Low-End Coffee Table — Terracotta Industrial Matelassé #059,In seafoam with a raw finish this contemporary design is crafted from walnut and features a subtle herringbone texture. Thoughtfully detachable and naturally noise-cancelling it feels refined yet practical in everyday settings. Accessible without compromising daily utility designed for effortless use.,Dream home/design inspo,2025/10/10 22:13:27,true
Low-End Mirror — Copper Modern Coastal Herringbone #060,In ivory with a lacquered finish this minimalist design is crafted from rattan and features a subtle quilting texture. Thoughtfully multi-room and naturally stain-resistant it feels refined yet practical in everyday settings. Accessible without compromising daily utility designed for effortless use.,Dream home/design inspo,2025/09/11 02:04:11,true
Low-End Sideboard — Graphite Vintage-Inspired Sateen #061,In slate blue with a patina finish this contemporary design is crafted from bamboo viscose and features a subtle chevron texture. Thoughtfully collapsible and naturally energy-efficient it feels refined yet practical in everyday settings. Accessible without compromising daily utility designed for effortless use.,Dream home/design inspo,2025/08/21 13:34:44,true
Low-End Mirror — Charcoal Boho Micro-Check #062,In sunflower yellow with a powder-coated finish this Scandinavian design is crafted from organic cotton and features a subtle micro-check texture. Thoughtfully wireless and naturally ergonomic it feels refined yet practical in everyday settings. Accessible without compromising daily utility designed for effortless use.,Dream home/design inspo,2025/09/04 06:11:38,true
Low-End Vase — Onyx Mid-Century Sateen #063,In ivory with a powder-coated finish this Japandi design is crafted from hemp and features a subtle corded texture. Thoughtfully OLED display and naturally low-latency it feels refined yet practical in everyday settings. Accessible without compromising daily utility designed for effortless use.,Dream home/design inspo,2025/08/25 09:03:18,true
Low-End Vase — Pearl Scandinavian Sateen #064,In sand with a lacquered finish this contemporary design is crafted from cashmere and features a subtle rib-knit texture. Thoughtfully OLED display and naturally energy-efficient it feels refined yet practical in everyday settings. Accessible without compromising daily utility designed for effortless use.,Dream home/design inspo,2025/09/20 10:40:58,true
Low-End Dinnerware Set — Midnight Minimalist Chevron #065,In seafoam with a brushed finish this minimalist design is crafted from rattan and features a subtle quilting texture. Thoughtfully adaptive fit and naturally wireless it feels refined yet practical in everyday settings. Accessible without compromising daily utility designed for effortless use.,Dream home/design inspo,2025/09/12 10:23:10,true
Low-End Dinnerware Set — Copper Vintage-Inspired Quilting #066,In pearl with a patina finish this contemporary design is crafted from linen and features a subtle chevron texture. Thoughtfully smart-enabled and naturally dishwasher-safe it feels refined yet practical in everyday settings. Accessible without compromising daily utility designed for effortless use.,Dream home/design inspo,2025/11/16 08:03:47,true
Low-End Armchair — Mocha Contemporary Pebbled #067,In sand with a powder-coated finish this mid-century design is crafted from silicone and features a subtle sateen texture. Thoughtfully stackable and naturally adaptive fit it feels refined yet practical in everyday settings. Accessible without compromising daily utility designed for effortless use.,Dream home/design inspo,2025/10/26 15:51:41,true
High-End Portable Charger — Terracotta Boho Pebbled #001,In mocha with a brushed finish this contemporary design is crafted from stoneware and features a subtle sateen texture. Thoughtfully wireless and naturally water-resistant it feels refined yet practical in everyday settings. Positioned for discerning buyers it balances craftsmanship with elevated performance.,Gadgets,2025/11/19 03:18:44,true
High-End Fitness Tracker — Slate Blue Industrial Quilting #002,In midnight with a matte finish this boho design is crafted from brushed steel and features a subtle matelassé texture. Thoughtfully detachable and naturally energy-efficient it feels refined yet practical in everyday settings. Positioned for discerning buyers it balances craftsmanship with elevated performance.,Gadgets,2025/11/03 04:21:10,true
High-End E-Reader — Forest Green Vintage-Inspired Chevron #003,In rosewood with a matte finish this art deco design is crafted from tempered glass and features a subtle pebbled texture. Thoughtfully wireless and naturally stackable it feels refined yet practical in everyday settings. Positioned for discerning buyers it balances craftsmanship with elevated performance.,Gadgets,2025/11/16 02:09:48,true
High-End Smartphone — Seafoam Industrial Matelassé #004,In rust with a brushed finish this boho design is crafted from silicone and features a subtle sateen texture. Thoughtfully USB-C fast-charging and naturally packable it feels refined yet practical in everyday settings. Positioned for discerning buyers it balances craftsmanship with elevated performance.,Gadgets,2025/10/11 03:47:14,true
High-End Portable Projector — Almond Beige Vintage-Inspired Micro-Check #005,In indigo with a oiled finish this Scandinavian design is crafted from rattan and features a subtle micro-check texture. Thoughtfully wireless and naturally collapsible it feels refined yet practical in everyday settings. Positioned for discerning buyers it balances craftsmanship with elevated performance.,Gadgets,2025/09/17 13:08:02,true
High-End Photo Printer — Taupe Modern Coastal Micro-Check #006,In indigo with a raw finish this Scandinavian design is crafted from hemp and features a subtle matelassé texture. Thoughtfully water-resistant and naturally voice control it feels refined yet practical in everyday settings. Positioned for discerning buyers it balances craftsmanship with elevated performance.,Gadgets,2025/10/02 08:22:00,true
High-End Smartphone — Midnight Japandi Corded #007,In midnight with a raw finish this art deco design is crafted from linen and features a subtle chevron texture. Thoughtfully collapsible and naturally multi-room it feels refined yet practical in everyday settings. Positioned for discerning buyers it balances craftsmanship with elevated performance.,Gadgets,2025/08/25 02:02:01,true
High-End Photo Printer — Slate Blue Japandi Chevron #008,In sage with a satin finish this modern coastal design is crafted from rattan and features a subtle rib-knit texture. Thoughtfully OLED display and naturally stackable it feels refined yet practical in everyday settings. Positioned for discerning buyers it balances craftsmanship with elevated performance.,Gadgets,2025/08/27 05:51:17,true
High-End Portable Projector — Forest Green Art Deco Pebbled #009,In copper with a patina finish this minimalist design is crafted from cashmere and features a subtle basketweave texture. Thoughtfully modular and naturally dishwasher-safe it feels refined yet practical in everyday settings. Positioned for discerning buyers it balances craftsmanship with elevated performance.,Gadgets,2025/09/06 12:21:08,true
High-End Portable Charger — Seafoam Modern Coastal Corded #010,In mocha with a raw finish this mid-century design is crafted from hemp and features a subtle matelassé texture. Thoughtfully low-latency and naturally water-resistant it feels refined yet practical in everyday settings. Positioned for discerning buyers it balances craftsmanship with elevated performance.,Gadgets,2025/09/25 21:03:51,true
High-End Bluetooth Speaker — Sage Scandinavian Chevron #011,In seafoam with a patina finish this modern coastal design is crafted from silicone and features a subtle rib-knit texture. Thoughtfully modular and naturally noise-cancelling it feels refined yet practical in everyday settings. Positioned for discerning buyers it balances craftsmanship with elevated performance.,Gadgets,2025/10/10 16:12:40,true
High-End Smart Home Hub — Seafoam Modern Coastal Corded #012,In onyx with a oiled finish this modern coastal design is crafted from recycled polyester and features a subtle rib-knit texture. Thoughtfully modular and naturally dishwasher-safe it feels refined yet practical in everyday settings. Positioned for discerning buyers it balances craftsmanship with elevated performance.,Gadgets,2025/11/18 11:24:16,true
High-End Smartwatch — Mocha Contemporary Pebbled #013,In pearl with a hand-burnished finish this boho design is crafted from stoneware and features a subtle sateen texture. Thoughtfully OLED display and naturally modular it feels refined yet practical in everyday settings. Positioned for discerning buyers it balances craftsmanship with elevated performance.,Gadgets,2025/09/08 14:00:23,true
High-End Smart Home Hub — Taupe Art Deco Pebbled #014,In charcoal with a matte finish this Scandinavian design is crafted from brushed steel and features a subtle corded texture. Thoughtfully wireless and naturally water-resistant it feels refined yet practical in everyday settings. Positioned for discerning buyers it balances craftsmanship with elevated performance.,Gadgets,2025/09/15 02:24:15,true
High-End Smart Home Hub — Copper Art Deco Pebbled #015,In sand with a brushed finish this Japandi design is crafted from sapphire crystal and features a subtle sateen texture. Thoughtfully OLED display and naturally collapsible it feels refined yet practical in everyday settings. Positioned for discerning buyers it balances craftsmanship with elevated performance.,Gadgets,2025/10/30 16:08:03,true
High-End Bluetooth Speaker — Ivory Minimalist Sateen #016,In charcoal with a patina finish this boho design is crafted from carbon fiber and features a subtle corded texture. Thoughtfully OLED display and naturally stackable it feels refined yet practical in everyday settings. Positioned for discerning buyers it balances craftsmanship with elevated performance.,Gadgets,2025/10/29 18:49:02,true
High-End Photo Printer — Rust Art Deco Chevron #017,In indigo with a lacquered finish this mid-century design is crafted from organic cotton and features a subtle corded texture. Thoughtfully voice control and naturally noise-cancelling it feels refined yet practical in everyday settings. Positioned for discerning buyers it balances craftsmanship with elevated performance.,Gadgets,2025/10/31 17:24:57,true
High-End Portable Charger — Almond Beige Contemporary Chevron #018,In rosewood with a patina finish this industrial design is crafted from brushed steel and features a subtle herringbone texture. Thoughtfully water-resistant and naturally energy-efficient it feels refined yet practical in everyday settings. Positioned for discerning buyers it balances craftsmanship with elevated performance.,Gadgets,2025/09/06 12:43:45,true
High-End Smart Home Hub — Terracotta Mid-Century Herringbone #019,In sage with a lacquered finish this boho design is crafted from borosilicate glass and features a subtle pebbled texture. Thoughtfully energy-efficient and naturally collapsible it feels refined yet practical in everyday settings. Positioned for discerning buyers it balances craftsmanship with elevated performance.,Gadgets,2025/10/06 13:25:56,true
High-End Bluetooth Speaker — Onyx Modern Coastal Pebbled #020,In indigo with a brushed finish this contemporary design is crafted from borosilicate glass and features a subtle rib-knit texture. Thoughtfully noise-cancelling and naturally stain-resistant it feels refined yet practical in everyday settings. Positioned for discerning buyers it balances craftsmanship with elevated performance.,Gadgets,2025/11/28 12:48:21,true
High-End Foldable Drone — Seafoam Art Deco Sateen #021,In sunflower yellow with a lacquered finish this Japandi design is crafted from recycled polyester and features a subtle herringbone texture. Thoughtfully dishwasher-safe and naturally detachable it feels refined yet practical in everyday settings. Positioned for discerning buyers it balances craftsmanship with elevated performance.,Gadgets,2025/11/23 08:30:39,true
High-End Mechanical Keyboard — Rosewood Minimalist Matelassé #022,In pearl with a lacquered finish this contemporary design is crafted from brushed steel and features a subtle matelassé texture. Thoughtfully ergonomic and naturally water-resistant it feels refined yet practical in everyday settings. Positioned for discerning buyers it balances craftsmanship with elevated performance.,Gadgets,2025/09/22 13:21:35,true
High-End Bluetooth Speaker — Ivory Modern Coastal Chevron #023,In almond beige with a satin finish this boho design is crafted from merino wool and features a subtle basketweave texture. Thoughtfully smart-enabled and naturally stackable it feels refined yet practical in everyday settings. Positioned for discerning buyers it balances craftsmanship with elevated performance.,Gadgets,2025/08/23 08:00:00,true
High-End Portable Charger — Graphite Boho Herringbone #024,In terracotta with a raw finish this contemporary design is crafted from anodized aluminum and features a subtle basketweave texture. Thoughtfully low-latency and naturally dishwasher-safe it feels refined yet practical in everyday settings. Positioned for discerning buyers it balances craftsmanship with elevated performance.,Gadgets,2025/09/22 10:15:29,true
High-End Mechanical Keyboard — Pearl Industrial Sateen #025,In taupe with a high-gloss finish this Scandinavian design is crafted from oak and features a subtle quilting texture. Thoughtfully low-latency and naturally adaptive fit it feels refined yet practical in everyday settings. Positioned for discerning buyers it balances craftsmanship with elevated performance.,Gadgets,2025/11/18 12:32:59,true
High-End Portable Charger — Rosewood Vintage-Inspired Rib-Knit #026,In indigo with a oiled finish this contemporary design is crafted from cashmere and features a subtle micro-check texture. Thoughtfully USB-C fast-charging and naturally heat-retaining it feels refined yet practical in everyday settings. Positioned for discerning buyers it balances craftsmanship with elevated performance.,Gadgets,2025/10/30 06:11:35,true
High-End Smart Home Hub — Seafoam Industrial Matelassé #027,In copper with a powder-coated finish this art deco design is crafted from sapphire crystal and features a subtle herringbone texture. Thoughtfully wireless and naturally water-resistant it feels refined yet practical in everyday settings. Positioned for discerning buyers it balances craftsmanship with elevated performance.,Gadgets,2025/11/15 23:00:12,true
High-End Portable Charger — Graphite Minimalist Herringbone #028,In charcoal with a satin finish this Scandinavian design is crafted from cashmere and features a subtle chevron texture. Thoughtfully detachable and naturally stackable it feels refined yet practical in everyday settings. Positioned for discerning buyers it balances craftsmanship with elevated performance.,Gadgets,2025/10/19 14:28:02,true
High-End Fitness Tracker — Seafoam Vintage-Inspired Chevron #029,In almond beige with a powder-coated finish this minimalist design is crafted from Italian leather and features a subtle micro-check texture. Thoughtfully heat-retaining and naturally low-latency it feels refined yet practical in everyday settings. Positioned for discerning buyers it balances craftsmanship with elevated performance.,Gadgets,2025/09/28 16:59:22,true
High-End VR Headset — Terracotta Vintage-Inspired Corded #030,In midnight with a oiled finish this boho design is crafted from Italian leather and features a subtle micro-check texture. Thoughtfully noise-cancelling and naturally water-resistant it feels refined yet practical in everyday settings. Positioned for discerning buyers it balances craftsmanship with elevated performance.,Gadgets,2025/10/07 14:59:34,true
High-End Photo Printer — Taupe Boho Herringbone #031,In seafoam with a high-gloss finish this mid-century design is crafted from sapphire crystal and features a subtle pebbled texture. Thoughtfully packable and naturally energy-efficient it feels refined yet practical in everyday settings. Positioned for discerning buyers it balances craftsmanship with elevated performance.,Gadgets,2025/08/30 22:43:45,true
High-End Portable Charger — Ivory Modern Coastal Herringbone #032,In copper with a patina finish this boho design is crafted from carbon fiber and features a subtle herringbone texture. Thoughtfully dishwasher-safe and naturally voice control it feels refined yet practical in everyday settings. Positioned for discerning buyers it balances craftsmanship with elevated performance.,Gadgets,2025/09/01 08:24:20,true
High-End Action Camera — Graphite Industrial Matelassé #033,In ivory with a matte finish this modern coastal design is crafted from ceramic and features a subtle basketweave texture. Thoughtfully smart-enabled and naturally detachable it feels refined yet practical in everyday settings. Positioned for discerning buyers it balances craftsmanship with elevated performance.,Gadgets,2025/10/26 06:50:06,true
Low-End Smart Home Hub — Sunflower Yellow Scandinavian Pebbled #034,In almond beige with a hand-burnished finish this minimalist design is crafted from anodized aluminum and features a subtle quilting texture. Thoughtfully dishwasher-safe and naturally noise-cancelling it feels refined yet practical in everyday settings. Accessible without compromising daily utility designed for effortless use.,Gadgets,2025/08/11 12:26:01,true
Low-End Portable Charger — Almond Beige Japandi Corded #035,In graphite with a patina finish this Japandi design is crafted from bamboo viscose and features a subtle quilting texture. Thoughtfully smart-enabled and naturally water-resistant it feels refined yet practical in everyday settings. Accessible without compromising daily utility designed for effortless use.,Gadgets,2025/08/27 10:36:49,true
Low-End Portable Charger — Rust Japandi Herringbone #036,In pearl with a raw finish this vintage-inspired design is crafted from anodized aluminum and features a subtle pebbled texture. Thoughtfully stackable and naturally adaptive fit it feels refined yet practical in everyday settings. Accessible without compromising daily utility designed for effortless use.,Gadgets,2025/12/03 17:10:56,true
Low-End VR Headset — Seafoam Minimalist Matelassé #037,In ivory with a patina finish this boho design is crafted from ceramic and features a subtle sateen texture. Thoughtfully water-resistant and naturally dishwasher-safe it feels refined yet practical in everyday settings. Accessible without compromising daily utility designed for effortless use.,Gadgets,2025/11/15 10:59:12,true
Low-End Mechanical Keyboard — Rust Boho Basketweave #038,In copper with a satin finish this industrial design is crafted from anodized aluminum and features a subtle matelassé texture. Thoughtfully ergonomic and naturally packable it feels refined yet practical in everyday settings. Accessible without compromising daily utility designed for effortless use.,Gadgets,2025/08/29 00:21:49,true
Low-End Fitness Tracker — Rosewood Scandinavian Basketweave #039,In forest green with a matte finish this Scandinavian design is crafted from silicone and features a subtle matelassé texture. Thoughtfully multi-room and naturally low-latency it feels refined yet practical in everyday settings. Accessible without compromising daily utility designed for effortless use.,Gadgets,2025/09/14 07:42:34,true
Low-End Smartphone — Almond Beige Boho Chevron #040,In sand with a matte finish this minimalist design is crafted from cashmere and features a subtle rib-knit texture. Thoughtfully stain-resistant and naturally low-latency it feels refined yet practical in everyday settings. Accessible without compromising daily utility designed for effortless use.,Gadgets,2025/10/06 23:17:35,true
Low-End Foldable Drone — Slate Blue Scandinavian Pebbled #041,In midnight with a matte finish this art deco design is crafted from rattan and features a subtle basketweave texture. Thoughtfully stain-resistant and naturally low-latency it feels refined yet practical in everyday settings. Accessible without compromising daily utility designed for effortless use.,Gadgets,2025/11/17 04:34:54,true
Low-End Smart Home Hub — Almond Beige Industrial Chevron #042,In ivory with a hand-burnished finish this mid-century design is crafted from cashmere and features a subtle basketweave texture. Thoughtfully heat-retaining and naturally stackable it feels refined yet practical in everyday settings. Accessible without compromising daily utility designed for effortless use.,Gadgets,2025/10/09 06:22:35,true
Low-End Portable Charger — Ivory Art Deco Corded #043,In forest green with a matte finish this Japandi design is crafted from Italian leather and features a subtle micro-check texture. Thoughtfully dishwasher-safe and naturally wireless it feels refined yet practical in everyday settings. Accessible without compromising daily utility designed for effortless use.,Gadgets,2025/11/16 02:21:28,true
Low-End Smart Thermostat — Sand Industrial Micro-Check #044,In graphite with a matte finish this contemporary design is crafted from sapphire crystal and features a subtle rib-knit texture. Thoughtfully low-latency and naturally dishwasher-safe it feels refined yet practical in everyday settings. Accessible without compromising daily utility designed for effortless use.,Gadgets,2025/10/23 20:01:20,true
Low-End Wireless Earbuds — Midnight Modern Coastal Pebbled #045,In terracotta with a patina finish this modern coastal design is crafted from merino wool and features a subtle matelassé texture. Thoughtfully multi-room and naturally ergonomic it feels refined yet practical in everyday settings. Accessible without compromising daily utility designed for effortless use.,Gadgets,2025/11/10 07:24:15,true
Low-End Fitness Tracker — Ivory Scandinavian Pebbled #046,In pearl with a matte finish this Japandi design is crafted from Italian leather and features a subtle basketweave texture. Thoughtfully detachable and naturally OLED display it feels refined yet practical in everyday settings. Accessible without compromising daily utility designed for effortless use.,Gadgets,2025/09/11 05:43:32,true
Low-End Foldable Drone — Graphite Boho Basketweave #047,In almond beige with a raw finish this contemporary design is crafted from bamboo viscose and features a subtle micro-check texture. Thoughtfully adaptive fit and naturally stain-resistant it feels refined yet practical in everyday settings. Accessible without compromising daily utility designed for effortless use.,Gadgets,2025/09/29 15:33:12,true
Low-End Photo Printer — Terracotta Mid-Century Quilting #048,In pearl with a powder-coated finish this art deco design is crafted from Italian leather and features a subtle corded texture. Thoughtfully smart-enabled and naturally voice control it feels refined yet practical in everyday settings. Accessible without compromising daily utility designed for effortless use.,Gadgets,2025/11/06 12:10:54,true
Low-End Action Camera — Taupe Boho Chevron #049,In onyx with a powder-coated finish this modern coastal design is crafted from silicone and features a subtle basketweave texture. Thoughtfully USB-C fast-charging and naturally heat-retaining it feels refined yet practical in everyday settings. Accessible without compromising daily utility designed for effortless use.,Gadgets,2025/09/21 12:49:59,true
Low-End Smartphone — Terracotta Scandinavian Sateen #050,In terracotta with a powder-coated finish this vintage-inspired design is crafted from recycled polyester and features a subtle matelassé texture. Thoughtfully wireless and naturally dishwasher-safe it feels refined yet practical in everyday settings. Accessible without compromising daily utility designed for effortless use.,Gadgets,2025/11/20 12:43:48,true
Low-End Smart Thermostat — Pearl Modern Coastal Rib-Knit #051,In rosewood with a high-gloss finish this minimalist design is crafted from hemp and features a subtle chevron texture. Thoughtfully heat-retaining and naturally wireless it feels refined yet practical in everyday settings. Accessible without compromising daily utility designed for effortless use.,Gadgets,2025/09/03 09:37:52,true
Low-End VR Headset — Charcoal Contemporary Matelassé #052,In sand with a satin finish this boho design is crafted from linen and features a subtle corded texture. Thoughtfully detachable and naturally collapsible it feels refined yet practical in everyday settings. Accessible without compromising daily utility designed for effortless use.,Gadgets,2025/11/06 05:18:09,true
Low-End Smartphone — Terracotta Japandi Sateen #053,In indigo with a matte finish this art deco design is crafted from linen and features a subtle micro-check texture. Thoughtfully multi-room and naturally heat-retaining it feels refined yet practical in everyday settings. Accessible without compromising daily utility designed for effortless use.,Gadgets,2025/11/13 14:18:48,true
Low-End Bluetooth Speaker — Ivory Boho Micro-Check #054,In mocha with a satin finish this minimalist design is crafted from rattan and features a subtle basketweave texture. Thoughtfully ergonomic and naturally low-latency it feels refined yet practical in everyday settings. Accessible without compromising daily utility designed for effortless use.,Gadgets,2025/11/21 16:40:06,true
Low-End Foldable Drone — Rust Japandi Sateen #055,In rosewood with a hand-burnished finish this Scandinavian design is crafted from anodized aluminum and features a subtle sateen texture. Thoughtfully modular and naturally voice control it feels refined yet practical in everyday settings. Accessible without compromising daily utility designed for effortless use.,Gadgets,2025/08/20 11:36:46,true
Low-End Smart Home Hub — Forest Green Mid-Century Basketweave #056,In charcoal with a raw finish this vintage-inspired design is crafted from linen and features a subtle pebbled texture. Thoughtfully water-resistant and naturally stain-resistant it feels refined yet practical in everyday settings. Accessible without compromising daily utility designed for effortless use.,Gadgets,2025/10/01 12:53:56,true
Low-End Portable Projector — Sand Contemporary Sateen #057,In rosewood with a oiled finish this industrial design is crafted from walnut and features a subtle chevron texture. Thoughtfully multi-room and naturally low-latency it feels refined yet practical in everyday settings. Accessible without compromising daily utility designed for effortless use.,Gadgets,2025/10/15 12:03:18,true
Low-End Smartwatch — Sage Vintage-Inspired Herringbone #058,In charcoal with a lacquered finish this industrial design is crafted from silicone and features a subtle micro-check texture. Thoughtfully USB-C fast-charging and naturally ergonomic it feels refined yet practical in everyday settings. Accessible without compromising daily utility designed for effortless use.,Gadgets,2025/08/23 14:01:35,true
Low-End Wireless Earbuds — Rust Contemporary Micro-Check #059,In terracotta with a matte finish this industrial design is crafted from borosilicate glass and features a subtle micro-check texture. Thoughtfully ergonomic and naturally noise-cancelling it feels refined yet practical in everyday settings. Accessible without compromising daily utility designed for effortless use.,Gadgets,2025/10/11 10:43:48,true
Low-End Smart Thermostat — Graphite Contemporary Basketweave #060,In slate blue with a brushed finish this Japandi design is crafted from walnut and features a subtle chevron texture. Thoughtfully energy-efficient and naturally dishwasher-safe it feels refined yet practical in everyday settings. Accessible without compromising daily utility designed for effortless use.,Gadgets,2025/10/04 20:58:15,true
Low-End Portable Charger — Indigo Japandi Quilting #061,In graphite with a matte finish this modern coastal design is crafted from hemp and features a subtle corded texture. Thoughtfully packable and naturally modular it feels refined yet practical in everyday settings. Accessible without compromising daily utility designed for effortless use.,Gadgets,2025/10/07 05:42:01,true
Low-End Smart Home Hub — Slate Blue Minimalist Pebbled #062,In midnight with a raw finish this mid-century design is crafted from Italian leather and features a subtle rib-knit texture. Thoughtfully adaptive fit and naturally multi-room it feels refined yet practical in everyday settings. Accessible without compromising daily utility designed for effortless use.,Gadgets,2025/10/12 14:15:05,true
Low-End Smartwatch — Almond Beige Japandi Quilting #063,In rust with a patina finish this contemporary design is crafted from oak and features a subtle herringbone texture. Thoughtfully multi-room and naturally modular it feels refined yet practical in everyday settings. Accessible without compromising daily utility designed for effortless use.,Gadgets,2025/10/06 19:35:48,true
Low-End E-Reader — Mocha Minimalist Micro-Check #064,In midnight with a satin finish this Japandi design is crafted from recycled polyester and features a subtle corded texture. Thoughtfully ergonomic and naturally adaptive fit it feels refined yet practical in everyday settings. Accessible without compromising daily utility designed for effortless use.,Gadgets,2025/09/16 13:15:43,true
Low-End Smartwatch — Terracotta Contemporary Herringbone #065,In indigo with a brushed finish this modern coastal design is crafted from anodized aluminum and features a subtle corded texture. Thoughtfully low-latency and naturally noise-cancelling it feels refined yet practical in everyday settings. Accessible without compromising daily utility designed for effortless use.,Gadgets,2025/10/28 21:25:14,true
Low-End Wireless Earbuds — Rosewood Modern Coastal Basketweave #066,In pearl with a hand-burnished finish this Scandinavian design is crafted from stoneware and features a subtle matelassé texture. Thoughtfully stain-resistant and naturally heat-retaining it feels refined yet practical in everyday settings. Accessible without compromising daily utility designed for effortless use.,Gadgets,2025/08/16 03:37:57,true
